vertices;average time;average error
10;1492;0
17;3071;1.02564
26;7816;5.65635
42;17301;24.2918
48;33986;22.1329
96;53515;55.8402
152;71827;222.903
