vertices;average time;average error
10;1452;0
17;2400;0
26;7214;1.77161
42;14822;6.26609
48;21378;5.01387
96;54088;13.5869
152;73188;40.1772
