vertices;average time;average error
10;3298;0
17;5888;0
26;10942;3.97012
42;28126;5.89413
48;27206;4.48767
96;89519;8.32292
152;207674;5.17494
