vertices;average time;average error
10;5877;0
17;10481;0
26;18595;0.917823
42;40550;5.69385
48;47337;4.70602
96;148718;8.17222
152;346378;5.16273
