mutation rate;average time;average error
0;63870;7.6634
0.3;29434;2.37867
0.6;39826;3.28909
0.9;48122;3.43406
