crossover rate;average time;average error
0;26428;3.37082
0.3;27071;3.48298
0.6;29756;2.8297
0.9;32743;4.43158
