vertices number;average time;average error
17;4996;0
26;6412;0
34;11174;19.7372
39;14710;22.1111
42;9761;1.987124
48;12382;4.61412
70;13550;26.9658